{"previousSave":49.74158477783203,"highSave":30.444801330566408,"highHundredpercentSave":33.6820068359375}