{"previousSave":17.200868606567384,"highSave":17.200868606567384}