{"previousSave":29.618358612060548,"highSave":17.200868606567384,"highHundredpercentSave":0.0}