{"previousSave":275.08087158203127,"highSave":28.231128692626954}