{"previousSave":33.094486236572269,"highSave":17.200868606567384,"highHundredpercentSave":0.0}