{"previousSave":31.976726531982423,"highSave":31.902441024780275,"highHundredpercentSave":33.6820068359375}