{"previousSave":78.51956939697266,"highSave":17.200868606567384}