{
    "Items": [
        {
            "previousSave": 26.385473251342775,
            "highSave": 22.986772537231447,
            "highName": "",
            "highHundredpercentSave": 24.30367088317871,
            "highHundredName": "Derp",
            "lastTimes": [
                29.486303329467775,
                26.153654098510743,
                26.385473251342775
            ],
            "lastNames": [
                "ANON",
                "ANON",
                "Ed"
            ],
            "lastTimesHundred": [
                38.72019958496094,
                34.22365188598633
            ],
            "lastHundredNames": [
                "Derp",
                "ANON",
                "ANON",
                "dyl"
            ]
        },
        {
            "previousSave": 23.60228729248047,
            "highSave": 16.778831481933595,
            "highName": "ARK",
            "highHundredpercentSave": 239.60235595703126,
            "highHundredName": "Dyl",
            "lastTimes": [
                27.84526824951172,
                22.691715240478517,
                23.60228729248047
            ],
            "lastNames": [
                "ANON",
                "ANON",
                "ANON"
            ],
            "lastTimesHundred": [],
            "lastHundredNames": []
        },
        {
            "previousSave": 13.259373664855957,
            "highSave": 13.259373664855957,
            "highName": "ED",
            "highHundredpercentSave": 21.055471420288087,
            "highHundredName": "ANON",
            "lastTimes": [
                22.93259048461914,
                21.055471420288087,
                26.87809181213379
            ],
            "lastNames": [
                "ANON",
                "ANON",
                "ANON"
            ],
            "lastTimesHundred": [
                26.87809181213379
            ],
            "lastHundredNames": [
                "ANON"
            ]
        },
        {
            "previousSave": 8.223457336425782,
            "highSave": 8.223457336425782,
            "highName": "ANON",
            "highHundredpercentSave": 117.82563781738281,
            "highHundredName": "TBLR",
            "lastTimes": [
                86.40227508544922,
                12.580995559692383,
                8.223457336425782
            ],
            "lastNames": [
                "ANON",
                "ANON",
                "ANON"
            ],
            "lastTimesHundred": [
                118.02139282226563
            ],
            "lastHundredNames": [
                "dyl"
            ]
        },
        {
            "previousSave": 26.56947135925293,
            "highSave": 22.72061538696289,
            "highName": "",
            "highHundredpercentSave": 26.001995086669923,
            "highHundredName": "",
            "lastTimes": [
                26.001995086669923,
                42.922420501708987,
                26.56947135925293
            ],
            "lastNames": [
                "",
                "ANON",
                "ANON"
            ],
            "lastTimesHundred": [
                62.294891357421878,
                57.90149688720703
            ],
            "lastHundredNames": [
                "John",
                "ANON"
            ]
        },
        {
            "previousSave": 12.591154098510743,
            "highSave": 12.591154098510743,
            "highName": "Ed",
            "highHundredpercentSave": 0.0,
            "highHundredName": "",
            "lastTimes": [
                41.859100341796878,
                81.4866943359375,
                114.35600280761719
            ],
            "lastNames": [
                "dyl",
                "ANON",
                "ANON"
            ],
            "lastTimesHundred": [],
            "lastHundredNames": []
        }
    ]
}