{"previousSave":31.68360137939453,"highSave":28.231128692626954}