{"previousSave":30.428720474243165,"highSave":28.231128692626954}