{"previousSave":58.807960510253909,"highSave":17.200868606567384}