{"previousSave":90.91498565673828,"highSave":90.91498565673828,"highHundredpercentSave":0.0}