{"previousSave":89.0976333618164,"highSave":33.80229949951172,"highHundredpercentSave":0.0}