{"previousSave":79.3033447265625,"highSave":30.444801330566408,"highHundredpercentSave":33.6820068359375}