{"previousSave":28.365638732910158,"highSave":12.1885404586792,"highHundredpercentSave":23.907583236694337}