{"previousSave":29.37861442565918,"highSave":17.200868606567384,"highHundredpercentSave":0.0}