{"previousSave":36.759151458740237,"highSave":17.200868606567384}