{"previousSave":33.80229949951172,"highSave":33.80229949951172,"highHundredpercentSave":0.0}