{"previousSave":23.619855880737306,"highSave":23.619855880737306,"highHundredpercentSave":31.08196258544922}