{"previousSave":29.114717483520509,"highSave":17.200868606567384}