{"previousSave":32.7302360534668,"highSave":30.11037826538086,"highHundredpercentSave":33.6820068359375}